Mac_kodu,TFF_mac_linki,Ev_sahibi,Ev_sahibi_gol,Misafir_takim,Misafir_takim_gol,Stat,Ana_hakem,Tarih_saat
1006,https://www.tff.org/Default.aspx?pageId=397&macId=86908,GAZİANTEPSPOR,0,KASIMPAŞA,0,KAMİL OCAK,ÖZGÜR YANKAYA,14.08.2010 - 20:00
1009,https://www.tff.org/Default.aspx?pageId=397&macId=86911,SİVASSPOR,2,GALATASARAY A.Ş.,1,SİVAS 4 EYLÜL,MUSTAFA KAMİL ABİTOĞLU,14.08.2010 - 20:00
1005,https://www.tff.org/Default.aspx?pageId=397&macId=86907,BUCASPOR,0,BEŞİKTAŞ A.Ş.,1,İZMİR ATATÜRK,BARIŞ ŞİMŞEK,14.08.2010 - 22:00
1007,https://www.tff.org/Default.aspx?pageId=397&macId=86909,ESKİŞEHİRSPOR,0,GENÇLERBİRLİĞİ,0,ESKİŞEHİR ATATÜRK,HALİS ÖZKAHYA,14.08.2010 - 22:00
1004,https://www.tff.org/Default.aspx?pageId=397&macId=86906,MKE ANKARAGÜCÜ,0,TRABZONSPOR A.Ş.,2,ANKARA 19 MAYIS,CÜNEYT ÇAKIR,15.08.2010 - 19:30
1002,https://www.tff.org/Default.aspx?pageId=397&macId=86904,KARDEMİR D.Ç. KARABÜKSPOR,2,MANİSASPOR,1,DR.NECMETTİN ŞEYHOĞLU,HÜSEYİN GÖÇEK,15.08.2010 - 21:00
1001,https://www.tff.org/Default.aspx?pageId=397&macId=86903,FENERBAHÇE,4,MEDİCAL PARK ANTALYASPOR,0,FB ŞÜKRÜ SARACOĞLU,BÜLENT YILDIRIM,15.08.2010 - 21:45
1003,https://www.tff.org/Default.aspx?pageId=397&macId=86905,BÜYÜKŞEHİR BLD.SPOR,0,KAYSERİSPOR,2,ATATÜRK OLİMPİYAT,AYTEKİN DURMAZ,16.08.2010 - 21:00
1008,https://www.tff.org/Default.aspx?pageId=397&macId=86910,BURSASPOR,1,KONYASPOR,0,BURSA ATATÜRK,SÜLEYMAN ABAY,16.08.2010 - 21:00
1011,https://www.tff.org/Default.aspx?pageId=397&macId=86913,KONYASPOR,2,ESKİŞEHİRSPOR,1,BŞ BLD ATATÜRK,TOLGA ÖZKALFA,20.08.2010 - 21:00
1014,https://www.tff.org/Default.aspx?pageId=397&macId=86916,KAYSERİSPOR,1,KARDEMİR D.Ç. KARABÜKSPOR,0,BÜYÜKŞEHİR BELEDİYESİ KADİR HAS,SERKAN ÇINAR,20.08.2010 - 21:00
1016,https://www.tff.org/Default.aspx?pageId=397&macId=86918,MEDİCAL PARK ANTALYASPOR,1,SİVASSPOR,1,MARDAN ANTALYASPOR STADI,DENİZ ÇOBAN,21.08.2010 - 21:00
1017,https://www.tff.org/Default.aspx?pageId=397&macId=86919,BEŞİKTAŞ A.Ş.,0,BÜYÜKŞEHİR BLD.SPOR,2,BEŞİKTAŞ İNÖNÜ,FIRAT AYDINUS,21.08.2010 - 21:00
1012,https://www.tff.org/Default.aspx?pageId=397&macId=86914,GENÇLERBİRLİĞİ,0,GAZİANTEPSPOR,0,ANKARA 19 MAYIS,KUDDUSİ MÜFTÜOĞLU,22.08.2010 - 20:00
1018,https://www.tff.org/Default.aspx?pageId=397&macId=86920,GALATASARAY A.Ş.,0,BURSASPOR,2,ALİ SAMİ YEN,ABDULLAH YILMAZ,22.08.2010 - 21:00
1010,https://www.tff.org/Default.aspx?pageId=397&macId=86912,MANİSASPOR,0,MKE ANKARAGÜCÜ,3,MANİSA 19 MAYIS,SUAT ARSLANBOĞA,22.08.2010 - 22:00
1013,https://www.tff.org/Default.aspx?pageId=397&macId=86915,KASIMPAŞA,0,BUCASPOR,0,BEŞİKTAŞ İNÖNÜ,İLKER MERAL,23.08.2010 - 21:00
1015,https://www.tff.org/Default.aspx?pageId=397&macId=86917,TRABZONSPOR A.Ş.,3,FENERBAHÇE,2,HÜSEYİN AVNİ AKER,BÜNYAMİN GEZER,23.08.2010 - 21:00
1020,https://www.tff.org/Default.aspx?pageId=397&macId=86922,MKE ANKARAGÜCÜ,1,KAYSERİSPOR,1,ANKARA 19 MAYIS,SÜLEYMAN ABAY,27.08.2010 - 20:00
1027,https://www.tff.org/Default.aspx?pageId=397&macId=86929,GAZİANTEPSPOR,2,KONYASPOR,2,KAMİL OCAK,BARIŞ ŞİMŞEK,27.08.2010 - 21:00
1024,https://www.tff.org/Default.aspx?pageId=397&macId=86926,BÜYÜKŞEHİR BLD.SPOR,3,KASIMPAŞA,1,ATATÜRK OLİMPİYAT,BÜLENT YILDIRIM,28.08.2010 - 20:00
1019,https://www.tff.org/Default.aspx?pageId=397&macId=86921,SİVASSPOR,0,BURSASPOR,2,SİVAS 4 EYLÜL,CÜNEYT ÇAKIR,28.08.2010 - 21:00
1021,https://www.tff.org/Default.aspx?pageId=397&macId=86923,BUCASPOR,3,GENÇLERBİRLİĞİ,1,İZMİR ALSANCAK,AYTEKİN DURMAZ,28.08.2010 - 22:00
1022,https://www.tff.org/Default.aspx?pageId=397&macId=86924,FENERBAHÇE,4,MANİSASPOR,2,FB ŞÜKRÜ SARACOĞLU,HALİS ÖZKAHYA,29.08.2010 - 20:00
1023,https://www.tff.org/Default.aspx?pageId=397&macId=86925,KARDEMİR D.Ç. KARABÜKSPOR,1,BEŞİKTAŞ A.Ş.,4,DR.NECMETTİN ŞEYHOĞLU,TOLGA ÖZKALFA,29.08.2010 - 20:00
1025,https://www.tff.org/Default.aspx?pageId=397&macId=86927,ESKİŞEHİRSPOR,1,GALATASARAY A.Ş.,3,ESKİŞEHİR ATATÜRK,KUDDUSİ MÜFTÜOĞLU,29.08.2010 - 22:00
1026,https://www.tff.org/Default.aspx?pageId=397&macId=86928,MEDİCAL PARK ANTALYASPOR,0,TRABZONSPOR A.Ş.,0,MARDAN ANTALYASPOR STADI,HÜSEYİN GÖÇEK,30.08.2010 - 21:03
1030,https://www.tff.org/Default.aspx?pageId=397&macId=86932,BURSASPOR,2,ESKİŞEHİRSPOR,1,BURSA ATATÜRK,FIRAT AYDINUS,10.09.2010 - 20:00
1029,https://www.tff.org/Default.aspx?pageId=397&macId=86931,KAYSERİSPOR,2,FENERBAHÇE,0,BÜYÜKŞEHİR BELEDİYESİ KADİR HAS,KUDDUSİ MÜFTÜOĞLU,11.09.2010 - 19:00
1035,https://www.tff.org/Default.aspx?pageId=397&macId=86937,KONYASPOR,1,BUCASPOR,1,BŞ BLD ATATÜRK,SERKAN ÇINAR,11.09.2010 - 19:00
1032,https://www.tff.org/Default.aspx?pageId=397&macId=86934,BEŞİKTAŞ A.Ş.,4,MKE ANKARAGÜCÜ,0,BEŞİKTAŞ İNÖNÜ,MUSTAFA KAMİL ABİTOĞLU,11.09.2010 - 21:30
1033,https://www.tff.org/Default.aspx?pageId=397&macId=86935,MANİSASPOR,1,MEDİCAL PARK ANTALYASPOR,2,MANİSA 19 MAYIS,SÜLEYMAN ABAY,11.09.2010 - 21:30
1028,https://www.tff.org/Default.aspx?pageId=397&macId=86930,KASIMPAŞA,1,KARDEMİR D.Ç. KARABÜKSPOR,2,BEŞİKTAŞ İNÖNÜ,HÜSEYİN SABANCI,13.09.2010 - 19:00
1034,https://www.tff.org/Default.aspx?pageId=397&macId=86936,TRABZONSPOR A.Ş.,6,SİVASSPOR,1,HÜSEYİN AVNİ AKER,BÜLENT YILDIRIM,13.09.2010 - 19:00
1031,https://www.tff.org/Default.aspx?pageId=397&macId=86933,GENÇLERBİRLİĞİ,2,BÜYÜKŞEHİR BLD.SPOR,1,ANKARA 19 MAYIS,ÖZGÜR YANKAYA,13.09.2010 - 21:30
1036,https://www.tff.org/Default.aspx?pageId=397&macId=86938,GALATASARAY A.Ş.,1,GAZİANTEPSPOR,0,ALİ SAMİ YEN,BÜNYAMİN GEZER,13.09.2010 - 21:30
1038,https://www.tff.org/Default.aspx?pageId=397&macId=86940,TRABZONSPOR A.Ş.,1,MANİSASPOR,3,HÜSEYİN AVNİ AKER,MUSTAFA KAMİL ABİTOĞLU,17.09.2010 - 20:00
1040,https://www.tff.org/Default.aspx?pageId=397&macId=86942,SİVASSPOR,1,ESKİŞEHİRSPOR,1,SİVAS 4 EYLÜL,BÜNYAMİN GEZER,18.09.2010 - 18:00
1041,https://www.tff.org/Default.aspx?pageId=397&macId=86943,MKE ANKARAGÜCÜ,3,KASIMPAŞA,0,ANKARA 19 MAYIS,TOLGA ÖZKALFA,18.09.2010 - 18:00
1039,https://www.tff.org/Default.aspx?pageId=397&macId=86941,MEDİCAL PARK ANTALYASPOR,2,KAYSERİSPOR,1,MARDAN ANTALYASPOR STADI,FIRAT AYDINUS,18.09.2010 - 20:30
1044,https://www.tff.org/Default.aspx?pageId=397&macId=86946,BUCASPOR,0,GALATASARAY A.Ş.,1,İZMİR ATATÜRK,HALİS ÖZKAHYA,18.09.2010 - 20:30
1042,https://www.tff.org/Default.aspx?pageId=397&macId=86944,KARDEMİR D.Ç. KARABÜKSPOR,3,GENÇLERBİRLİĞİ,0,DR.NECMETTİN ŞEYHOĞLU,SUAT ARSLANBOĞA,19.09.2010 - 18:00
1037,https://www.tff.org/Default.aspx?pageId=397&macId=86939,FENERBAHÇE,1,BEŞİKTAŞ A.Ş.,1,FB ŞÜKRÜ SARACOĞLU,CÜNEYT ÇAKIR,19.09.2010 - 20:00
1043,https://www.tff.org/Default.aspx?pageId=397&macId=86945,BÜYÜKŞEHİR BLD.SPOR,1,KONYASPOR,0,ALİ SAMİ YEN,ABDULLAH YILMAZ,19.09.2010 - 20:30
1045,https://www.tff.org/Default.aspx?pageId=397&macId=86947,GAZİANTEPSPOR,0,BURSASPOR,3,KAMİL OCAK,DENİZ ÇOBAN,20.09.2010 - 20:00
1053,https://www.tff.org/Default.aspx?pageId=397&macId=86955,BURSASPOR,1,BUCASPOR,0,BURSA ATATÜRK,HÜSEYİN GÖÇEK,24.09.2010 - 20:00
1049,https://www.tff.org/Default.aspx?pageId=397&macId=86951,GENÇLERBİRLİĞİ,1,MKE ANKARAGÜCÜ,0,ANKARA 19 MAYIS,SÜLEYMAN ABAY,25.09.2010 - 15:30
1051,https://www.tff.org/Default.aspx?pageId=397&macId=86953,BEŞİKTAŞ A.Ş.,2,MEDİCAL PARK ANTALYASPOR,1,BEŞİKTAŞ İNÖNÜ,ÖZGÜR YANKAYA,25.09.2010 - 19:00
1052,https://www.tff.org/Default.aspx?pageId=397&macId=86954,ESKİŞEHİRSPOR,0,GAZİANTEPSPOR,1,ESKİŞEHİR ATATÜRK,ABDULLAH YILMAZ,25.09.2010 - 19:00
1046,https://www.tff.org/Default.aspx?pageId=397&macId=86948,KAYSERİSPOR,0,TRABZONSPOR A.Ş.,0,BÜYÜKŞEHİR BELEDİYESİ KADİR HAS,BÜNYAMİN GEZER,26.09.2010 - 15:30
1054,https://www.tff.org/Default.aspx?pageId=397&macId=86956,KONYASPOR,2,KARDEMİR D.Ç. KARABÜKSPOR,2,BŞ BLD ATATÜRK,KUDDUSİ MÜFTÜOĞLU,26.09.2010 - 15:30
1047,https://www.tff.org/Default.aspx?pageId=397&macId=86949,MANİSASPOR,3,SİVASSPOR,0,MANİSA 19 MAYIS,SERKAN ÇINAR,26.09.2010 - 19:00
1048,https://www.tff.org/Default.aspx?pageId=397&macId=86950,GALATASARAY A.Ş.,3,BÜYÜKŞEHİR BLD.SPOR,1,ALİ SAMİ YEN,BÜLENT YILDIRIM,26.09.2010 - 19:00
1050,https://www.tff.org/Default.aspx?pageId=397&macId=86952,KASIMPAŞA,2,FENERBAHÇE,6,ALİ SAMİ YEN,MUSTAFA KAMİL ABİTOĞLU,27.09.2010 - 20:00
1059,https://www.tff.org/Default.aspx?pageId=397&macId=86961,KARDEMİR D.Ç. KARABÜKSPOR,2,GALATASARAY A.Ş.,1,DR.NECMETTİN ŞEYHOĞLU,AYTEKİN DURMAZ,1.10.2010 - 20:00
1060,https://www.tff.org/Default.aspx?pageId=397&macId=86962,BUCASPOR,0,ESKİŞEHİRSPOR,0,İZMİR ALSANCAK,SUAT ARSLANBOĞA,1.10.2010 - 20:00
1057,https://www.tff.org/Default.aspx?pageId=397&macId=86959,MANİSASPOR,0,KAYSERİSPOR,2,MANİSA 19 MAYIS,ÖZGÜR YANKAYA,2.10.2010 - 15:30
1055,https://www.tff.org/Default.aspx?pageId=397&macId=86957,FENERBAHÇE,3,GENÇLERBİRLİĞİ,0,FB ŞÜKRÜ SARACOĞLU,FIRAT AYDINUS,2.10.2010 - 19:00
1058,https://www.tff.org/Default.aspx?pageId=397&macId=86960,MKE ANKARAGÜCÜ,4,KONYASPOR,1,ANKARA 19 MAYIS,İLKER MERAL,2.10.2010 - 19:00
1056,https://www.tff.org/Default.aspx?pageId=397&macId=86958,BÜYÜKŞEHİR BLD.SPOR,0,BURSASPOR,0,ALİ SAMİ YEN,MUSTAFA KAMİL ABİTOĞLU,3.10.2010 - 15:30
1063,https://www.tff.org/Default.aspx?pageId=397&macId=86965,SİVASSPOR,1,GAZİANTEPSPOR,1,SİVAS 4 EYLÜL,HALİS ÖZKAHYA,3.10.2010 - 15:30
1061,https://www.tff.org/Default.aspx?pageId=397&macId=86963,TRABZONSPOR A.Ş.,1,BEŞİKTAŞ A.Ş.,0,HÜSEYİN AVNİ AKER,KUDDUSİ MÜFTÜOĞLU,3.10.2010 - 19:00
1062,https://www.tff.org/Default.aspx?pageId=397&macId=86964,MEDİCAL PARK ANTALYASPOR,3,KASIMPAŞA,1,MARDAN ANTALYASPOR STADI,BARIŞ ŞİMŞEK,3.10.2010 - 19:00
1066,https://www.tff.org/Default.aspx?pageId=397&macId=86968,BURSASPOR,2,KARDEMİR D.Ç. KARABÜKSPOR,2,BURSA ATATÜRK,BÜNYAMİN GEZER,15.10.2010 - 20:00
1071,https://www.tff.org/Default.aspx?pageId=397&macId=86973,ESKİŞEHİRSPOR,1,BÜYÜKŞEHİR BLD.SPOR,0,ESKİŞEHİR ATATÜRK,DENİZ ÇOBAN,16.10.2010 - 15:30
1070,https://www.tff.org/Default.aspx?pageId=397&macId=86972,GAZİANTEPSPOR,2,BUCASPOR,0,5 OCAK,SÜLEYMAN ABAY,16.10.2010 - 17:30
1068,https://www.tff.org/Default.aspx?pageId=397&macId=86970,BEŞİKTAŞ A.Ş.,2,MANİSASPOR,3,BEŞİKTAŞ İNÖNÜ,BARIŞ ŞİMŞEK,16.10.2010 - 19:00
1065,https://www.tff.org/Default.aspx?pageId=397&macId=86967,KASIMPAŞA,0,TRABZONSPOR A.Ş.,7,RECEP TAYYİP ERDOĞAN,SUAT ARSLANBOĞA,17.10.2010 - 15:30
1067,https://www.tff.org/Default.aspx?pageId=397&macId=86969,GENÇLERBİRLİĞİ,2,MEDİCAL PARK ANTALYASPOR,3,ANKARA 19 MAYIS,SERKAN ÇINAR,17.10.2010 - 15:30
1069,https://www.tff.org/Default.aspx?pageId=397&macId=86971,KAYSERİSPOR,4,SİVASSPOR,1,BÜYÜKŞEHİR BELEDİYESİ KADİR HAS,CÜNEYT ÇAKIR,17.10.2010 - 17:30
1064,https://www.tff.org/Default.aspx?pageId=397&macId=86966,GALATASARAY A.Ş.,2,MKE ANKARAGÜCÜ,4,ALİ SAMİ YEN,TOLGA ÖZKALFA,17.10.2010 - 19:00
1072,https://www.tff.org/Default.aspx?pageId=397&macId=86974,KONYASPOR,1,FENERBAHÇE,4,BŞ BLD ATATÜRK,ABDULLAH YILMAZ,18.10.2010 - 20:00
1073,https://www.tff.org/Default.aspx?pageId=397&macId=86975,KARDEMİR D.Ç. KARABÜKSPOR,1,ESKİŞEHİRSPOR,2,DR.NECMETTİN ŞEYHOĞLU,ÖZGÜR YANKAYA,22.10.2010 - 20:00
1081,https://www.tff.org/Default.aspx?pageId=397&macId=86983,SİVASSPOR,1,BUCASPOR,1,SİVAS 4 EYLÜL,BARIŞ ŞİMŞEK,22.10.2010 - 20:00
1078,https://www.tff.org/Default.aspx?pageId=397&macId=86980,BÜYÜKŞEHİR BLD.SPOR,1,GAZİANTEPSPOR,0,ATATÜRK OLİMPİYAT,İLKER MERAL,23.10.2010 - 15:30
1075,https://www.tff.org/Default.aspx?pageId=397&macId=86977,MEDİCAL PARK ANTALYASPOR,1,KONYASPOR,0,MARDAN ANTALYASPOR STADI,TOLGA ÖZKALFA,23.10.2010 - 19:00
1080,https://www.tff.org/Default.aspx?pageId=397&macId=86982,TRABZONSPOR A.Ş.,3,GENÇLERBİRLİĞİ,1,HÜSEYİN AVNİ AKER,CÜNEYT ÇAKIR,23.10.2010 - 19:00
1077,https://www.tff.org/Default.aspx?pageId=397&macId=86979,MKE ANKARAGÜCÜ,1,BURSASPOR,5,ANKARA 19 MAYIS,HÜSEYİN GÖÇEK,24.10.2010 - 14:30
1079,https://www.tff.org/Default.aspx?pageId=397&macId=86981,MANİSASPOR,2,KASIMPAŞA,1,MANİSA 19 MAYIS,KUDDUSİ MÜFTÜOĞLU,24.10.2010 - 15:30
1076,https://www.tff.org/Default.aspx?pageId=397&macId=86978,FENERBAHÇE,0,GALATASARAY A.Ş.,0,FB ŞÜKRÜ SARACOĞLU,BÜLENT YILDIRIM,24.10.2010 - 19:00
1074,https://www.tff.org/Default.aspx?pageId=397&macId=86976,KAYSERİSPOR,1,BEŞİKTAŞ A.Ş.,0,BÜYÜKŞEHİR BELEDİYESİ KADİR HAS,MUSTAFA KAMİL ABİTOĞLU,25.10.2010 - 20:00
1090,https://www.tff.org/Default.aspx?pageId=397&macId=86992,BURSASPOR,1,FENERBAHÇE,1,BURSA ATATÜRK,CÜNEYT ÇAKIR,29.10.2010 - 20:00
1082,https://www.tff.org/Default.aspx?pageId=397&macId=86984,ESKİŞEHİRSPOR,0,MKE ANKARAGÜCÜ,0,ESKİŞEHİR ATATÜRK,HALİS ÖZKAHYA,30.10.2010 - 15:30
1089,https://www.tff.org/Default.aspx?pageId=397&macId=86991,GAZİANTEPSPOR,0,KARDEMİR D.Ç. KARABÜKSPOR,0,KAMİL OCAK,SERKAN ÇINAR,30.10.2010 - 17:30
1084,https://www.tff.org/Default.aspx?pageId=397&macId=86986,GALATASARAY A.Ş.,2,MEDİCAL PARK ANTALYASPOR,1,ALİ SAMİ YEN,BÜNYAMİN GEZER,30.10.2010 - 19:00
1085,https://www.tff.org/Default.aspx?pageId=397&macId=86987,GENÇLERBİRLİĞİ,2,MANİSASPOR,0,ANKARA 19 MAYIS,SÜLEYMAN ABAY,31.10.2010 - 15:30
1086,https://www.tff.org/Default.aspx?pageId=397&macId=86988,KASIMPAŞA,1,KAYSERİSPOR,2,RECEP TAYYİP ERDOĞAN,ABDULLAH YILMAZ,31.10.2010 - 15:30
1088,https://www.tff.org/Default.aspx?pageId=397&macId=86990,BUCASPOR,0,BÜYÜKŞEHİR BLD.SPOR,2,İZMİR ALSANCAK,KUDDUSİ MÜFTÜOĞLU,31.10.2010 - 17:30
1087,https://www.tff.org/Default.aspx?pageId=397&macId=86989,BEŞİKTAŞ A.Ş.,2,SİVASSPOR,1,Fİ-YAPI İNÖNÜ,TOLGA ÖZKALFA,31.10.2010 - 19:00
1083,https://www.tff.org/Default.aspx?pageId=397&macId=86985,KONYASPOR,1,TRABZONSPOR A.Ş.,2,BŞ BLD ATATÜRK,FIRAT AYDINUS,1.11.2010 - 20:00
1091,https://www.tff.org/Default.aspx?pageId=397&macId=86993,KAYSERİSPOR,1,GENÇLERBİRLİĞİ,1,BÜYÜKŞEHİR BELEDİYESİ KADİR HAS,KUDDUSİ MÜFTÜOĞLU,5.11.2010 - 20:00
1096,https://www.tff.org/Default.aspx?pageId=397&macId=86998,KARDEMİR D.Ç. KARABÜKSPOR,3,BUCASPOR,0,DR.NECMETTİN ŞEYHOĞLU,FIRAT AYDINUS,6.11.2010 - 14:30
1099,https://www.tff.org/Default.aspx?pageId=397&macId=87001,MEDİCAL PARK ANTALYASPOR,2,BURSASPOR,2,MARDAN ANTALYASPOR STADI,SÜLEYMAN ABAY,6.11.2010 - 16:00
1095,https://www.tff.org/Default.aspx?pageId=397&macId=86997,MKE ANKARAGÜCÜ,0,GAZİANTEPSPOR,2,ANKARA 19 MAYIS,YUNUS YILDIRIM,6.11.2010 - 17:00
1094,https://www.tff.org/Default.aspx?pageId=397&macId=86996,FENERBAHÇE,4,ESKİŞEHİRSPOR,2,FB ŞÜKRÜ SARACOĞLU,BÜNYAMİN GEZER,6.11.2010 - 19:00
1093,https://www.tff.org/Default.aspx?pageId=397&macId=86995,SİVASSPOR,0,BÜYÜKŞEHİR BLD.SPOR,4,SİVAS 4 EYLÜL,MUSTAFA KAMİL ABİTOĞLU,7.11.2010 - 14:30
1092,https://www.tff.org/Default.aspx?pageId=397&macId=86994,MANİSASPOR,0,KONYASPOR,1,MANİSA 19 MAYIS,HÜSEYİN GÖÇEK,7.11.2010 - 17:00
1098,https://www.tff.org/Default.aspx?pageId=397&macId=87000,TRABZONSPOR A.Ş.,2,GALATASARAY A.Ş.,0,HÜSEYİN AVNİ AKER,HALİS ÖZKAHYA,7.11.2010 - 19:00
1097,https://www.tff.org/Default.aspx?pageId=397&macId=86999,BEŞİKTAŞ A.Ş.,1,KASIMPAŞA,1,Fİ-YAPI İNÖNÜ,BÜLENT YILDIRIM,8.11.2010 - 20:00
1102,https://www.tff.org/Default.aspx?pageId=397&macId=87004,KONYASPOR,0,KAYSERİSPOR,1,BŞ BLD ATATÜRK - KONYA,CÜNEYT ÇAKIR,12.11.2010 - 20:00
1100,https://www.tff.org/Default.aspx?pageId=397&macId=87002,BUCASPOR,0,MKE ANKARAGÜCÜ,0,İZMİR ALSANCAK - İZMİR,AYTEKİN DURMAZ,13.11.2010 - 14:30
1108,https://www.tff.org/Default.aspx?pageId=397&macId=87010,BURSASPOR,0,TRABZONSPOR A.Ş.,2,BURSA ATATÜRK - BURSA,BÜLENT YILDIRIM,13.11.2010 - 16:00
1101,https://www.tff.org/Default.aspx?pageId=397&macId=87003,ESKİŞEHİRSPOR,0,MEDİCAL PARK ANTALYASPOR,0,ESKİŞEHİR ATATÜRK - ESKİŞEHİR,SERKAN ÇINAR,13.11.2010 - 19:00
1107,https://www.tff.org/Default.aspx?pageId=397&macId=87009,GAZİANTEPSPOR,2,FENERBAHÇE,1,KAMİL OCAK - GAZİANTEP,TOLGA ÖZKALFA,13.11.2010 - 19:00
1105,https://www.tff.org/Default.aspx?pageId=397&macId=87007,KASIMPAŞA,2,SİVASSPOR,0,RECEP TAYYİP ERDOĞAN - İSTANBUL,BÜNYAMİN GEZER,14.11.2010 - 14:30
1104,https://www.tff.org/Default.aspx?pageId=397&macId=87006,GENÇLERBİRLİĞİ,0,BEŞİKTAŞ A.Ş.,2,ANKARA 19 MAYIS - ANKARA,ABDULLAH YILMAZ,14.11.2010 - 16:00
1106,https://www.tff.org/Default.aspx?pageId=397&macId=87008,BÜYÜKŞEHİR BLD.SPOR,2,KARDEMİR D.Ç. KARABÜKSPOR,1,ATATÜRK OLİMPİYAT - İSTANBUL,YUNUS YILDIRIM,14.11.2010 - 17:00
1103,https://www.tff.org/Default.aspx?pageId=397&macId=87005,GALATASARAY A.Ş.,0,MANİSASPOR,2,ALİ SAMİ YEN - İSTANBUL,FIRAT AYDINUS,14.11.2010 - 19:00
1113,https://www.tff.org/Default.aspx?pageId=397&macId=87015,KASIMPAŞA,1,GENÇLERBİRLİĞİ,1,RECEP TAYYİP ERDOĞAN - İSTANBUL,İLKER MERAL,20.11.2010 - 14:30
1110,https://www.tff.org/Default.aspx?pageId=397&macId=87012,MANİSASPOR,0,BURSASPOR,2,MANİSA 19 MAYIS - MANİSA,KUDDUSİ MÜFTÜOĞLU,20.11.2010 - 16:00
1117,https://www.tff.org/Default.aspx?pageId=397&macId=87019,SİVASSPOR,5,KARDEMİR D.Ç. KARABÜKSPOR,1,SİVAS 4 EYLÜL - SİVAS,HÜSEYİN GÖÇEK,20.11.2010 - 17:00
1114,https://www.tff.org/Default.aspx?pageId=397&macId=87016,BEŞİKTAŞ A.Ş.,2,KONYASPOR,2,Fİ-YAPI İNÖNÜ - İSTANBUL,HALİS ÖZKAHYA,20.11.2010 - 19:00
1116,https://www.tff.org/Default.aspx?pageId=397&macId=87018,MEDİCAL PARK ANTALYASPOR,0,GAZİANTEPSPOR,1,MARDAN ANTALYASPOR STADI - ANTALYA,KORAY GENÇERLER,21.11.2010 - 14:30
1111,https://www.tff.org/Default.aspx?pageId=397&macId=87013,TRABZONSPOR A.Ş.,0,ESKİŞEHİRSPOR,0,HÜSEYİN AVNİ AKER - TRABZON,SÜLEYMAN ABAY,21.11.2010 - 16:00
1112,https://www.tff.org/Default.aspx?pageId=397&macId=87014,MKE ANKARAGÜCÜ,2,BÜYÜKŞEHİR BLD.SPOR,2,ANKARA 19 MAYIS - ANKARA,ÖZGÜR YANKAYA,21.11.2010 - 17:00
1115,https://www.tff.org/Default.aspx?pageId=397&macId=87017,KAYSERİSPOR,0,GALATASARAY A.Ş.,0,BÜYÜKŞEHİR BELEDİYESİ KADİR HAS - KAYSERİ,BARIŞ ŞİMŞEK,21.11.2010 - 19:00
1109,https://www.tff.org/Default.aspx?pageId=397&macId=87011,FENERBAHÇE,5,BUCASPOR,2,FB ŞÜKRÜ SARACOĞLU - İSTANBUL,MUSTAFA KAMİL ABİTOĞLU,22.11.2010 - 20:00
1125,https://www.tff.org/Default.aspx?pageId=397&macId=87027,ESKİŞEHİRSPOR,2,MANİSASPOR,1,ESKİŞEHİR ATATÜRK - ESKİŞEHİR,BÜLENT YILDIRIM,26.11.2010 - 20:00
1120,https://www.tff.org/Default.aspx?pageId=397&macId=87022,KONYASPOR,2,KASIMPAŞA,2,BŞ BLD ATATÜRK - KONYA,YUNUS YILDIRIM,27.11.2010 - 14:30
1124,https://www.tff.org/Default.aspx?pageId=397&macId=87026,GAZİANTEPSPOR,1,TRABZONSPOR A.Ş.,3,KAMİL OCAK - GAZİANTEP,BÜNYAMİN GEZER,27.11.2010 - 16:00
1122,https://www.tff.org/Default.aspx?pageId=397&macId=87024,GENÇLERBİRLİĞİ,1,SİVASSPOR,1,ANKARA 19 MAYIS - ANKARA,SÜLEYMAN ABAY,27.11.2010 - 17:00
1119,https://www.tff.org/Default.aspx?pageId=397&macId=87021,BÜYÜKŞEHİR BLD.SPOR,0,FENERBAHÇE,1,ATATÜRK OLİMPİYAT - İSTANBUL,HALİS ÖZKAHYA,27.11.2010 - 19:00
1118,https://www.tff.org/Default.aspx?pageId=397&macId=87020,KARDEMİR D.Ç. KARABÜKSPOR,5,MKE ANKARAGÜCÜ,1,DR.NECMETTİN ŞEYHOĞLU - KARABÜK,SERKAN ÇINAR,28.11.2010 - 13:30
1123,https://www.tff.org/Default.aspx?pageId=397&macId=87025,BUCASPOR,1,MEDİCAL PARK ANTALYASPOR,0,İZMİR ALSANCAK - İZMİR,ABDULLAH YILMAZ,28.11.2010 - 17:00
1121,https://www.tff.org/Default.aspx?pageId=397&macId=87023,GALATASARAY A.Ş.,1,BEŞİKTAŞ A.Ş.,2,ALİ SAMİ YEN - İSTANBUL,CÜNEYT ÇAKIR,28.11.2010 - 19:00
1126,https://www.tff.org/Default.aspx?pageId=397&macId=87028,BURSASPOR,2,KAYSERİSPOR,0,BURSA ATATÜRK - BURSA,MUSTAFA KAMİL ABİTOĞLU,29.11.2010 - 20:00
1129,https://www.tff.org/Default.aspx?pageId=397&macId=87031,TRABZONSPOR A.Ş.,2,BUCASPOR,0,HÜSEYİN AVNİ AKER - TRABZON,CÜNEYT ÇAKIR,3.12.2010 - 20:00
1133,https://www.tff.org/Default.aspx?pageId=397&macId=87035,MANİSASPOR,2,GAZİANTEPSPOR,0,MANİSA 19 MAYIS - MANİSA,SERKAN ÇINAR,4.12.2010 - 14:00
1130,https://www.tff.org/Default.aspx?pageId=397&macId=87032,MKE ANKARAGÜCÜ,1,SİVASSPOR,1,ANKARA 19 MAYIS - ANKARA,TOLGA ÖZKALFA,4.12.2010 - 17:00
1131,https://www.tff.org/Default.aspx?pageId=397&macId=87033,KASIMPAŞA,0,GALATASARAY A.Ş.,3,RECEP TAYYİP ERDOĞAN - İSTANBUL,ÖZGÜR YANKAYA,4.12.2010 - 19:00
1128,https://www.tff.org/Default.aspx?pageId=397&macId=87030,BEŞİKTAŞ A.Ş.,1,BURSASPOR,0,Fİ-YAPI İNÖNÜ - İSTANBUL,FIRAT AYDINUS,5.12.2010 - 14:00
1135,https://www.tff.org/Default.aspx?pageId=397&macId=87037,KONYASPOR,2,GENÇLERBİRLİĞİ,1,BŞ BLD ATATÜRK - KONYA,MUSTAFA KAMİL ABİTOĞLU,5.12.2010 - 16:00
1127,https://www.tff.org/Default.aspx?pageId=397&macId=87029,FENERBAHÇE,2,KARDEMİR D.Ç. KARABÜKSPOR,1,FB ŞÜKRÜ SARACOĞLU - İSTANBUL,BÜNYAMİN GEZER,5.12.2010 - 19:00
1134,https://www.tff.org/Default.aspx?pageId=397&macId=87036,MEDİCAL PARK ANTALYASPOR,1,BÜYÜKŞEHİR BLD.SPOR,0,MARDAN ANTALYASPOR STADI - ANTALYA,AYTEKİN DURMAZ,5.12.2010 - 19:00
1132,https://www.tff.org/Default.aspx?pageId=397&macId=87034,KAYSERİSPOR,2,ESKİŞEHİRSPOR,2,BÜYÜKŞEHİR BELEDİYESİ KADİR HAS - KAYSERİ,İLKER MERAL,6.12.2010 - 20:00
1137,https://www.tff.org/Default.aspx?pageId=397&macId=87039,ESKİŞEHİRSPOR,2,BEŞİKTAŞ A.Ş.,0,ESKİŞEHİR ATATÜRK - ESKİŞEHİR,BÜNYAMİN GEZER,10.12.2010 - 20:00
1141,https://www.tff.org/Default.aspx?pageId=397&macId=87043,KARDEMİR D.Ç. KARABÜKSPOR,2,MEDİCAL PARK ANTALYASPOR,0,DR.NECMETTİN ŞEYHOĞLU - KARABÜK,SÜLEYMAN ABAY,11.12.2010 - 13:30
1142,https://www.tff.org/Default.aspx?pageId=397&macId=87044,BUCASPOR,1,MANİSASPOR,1,İZMİR ALSANCAK - İZMİR,BARIŞ ŞİMŞEK,11.12.2010 - 17:00
1139,https://www.tff.org/Default.aspx?pageId=397&macId=87041,GALATASARAY A.Ş.,0,GENÇLERBİRLİĞİ,2,ALİ SAMİ YEN - İSTANBUL,YUNUS YILDIRIM,11.12.2010 - 19:00
1138,https://www.tff.org/Default.aspx?pageId=397&macId=87040,SİVASSPOR,1,KONYASPOR,0,SİVAS 4 EYLÜL - SİVAS,ABDULLAH YILMAZ,12.12.2010 - 14:00
1136,https://www.tff.org/Default.aspx?pageId=397&macId=87038,BÜYÜKŞEHİR BLD.SPOR,1,TRABZONSPOR A.Ş.,3,ATATÜRK OLİMPİYAT - İSTANBUL,BÜLENT YILDIRIM,12.12.2010 - 16:00
1143,https://www.tff.org/Default.aspx?pageId=397&macId=87045,GAZİANTEPSPOR,2,KAYSERİSPOR,0,KAMİL OCAK - GAZİANTEP,HÜSEYİN GÖÇEK,12.12.2010 - 17:00
1140,https://www.tff.org/Default.aspx?pageId=397&macId=87042,MKE ANKARAGÜCÜ,2,FENERBAHÇE,1,ANKARA 19 MAYIS - ANKARA,KUDDUSİ MÜFTÜOĞLU,12.12.2010 - 19:00
1144,https://www.tff.org/Default.aspx?pageId=397&macId=87046,BURSASPOR,2,KASIMPAŞA,1,BURSA ATATÜRK - BURSA,HALİS ÖZKAHYA,13.12.2010 - 20:00
1152,https://www.tff.org/Default.aspx?pageId=397&macId=87054,TRABZONSPOR A.Ş.,3,KARDEMİR D.Ç. KARABÜKSPOR,0,HÜSEYİN AVNİ AKER - TRABZON,FIRAT AYDINUS,17.12.2010 - 20:00
1146,https://www.tff.org/Default.aspx?pageId=397&macId=87048,KAYSERİSPOR,2,BUCASPOR,0,BÜYÜKŞEHİR BELEDİYESİ KADİR HAS - KAYSERİ,SÜLEYMAN ABAY,18.12.2010 - 14:00
1148,https://www.tff.org/Default.aspx?pageId=397&macId=87050,GENÇLERBİRLİĞİ,1,BURSASPOR,5,ANKARA 19 MAYIS - ANKARA,CÜNEYT ÇAKIR,18.12.2010 - 16:00
1147,https://www.tff.org/Default.aspx?pageId=397&macId=87049,MEDİCAL PARK ANTALYASPOR,2,MKE ANKARAGÜCÜ,2,MARDAN ANTALYASPOR STADI - ANTALYA,HÜSEYİN GÖÇEK,18.12.2010 - 17:00
1145,https://www.tff.org/Default.aspx?pageId=397&macId=87047,FENERBAHÇE,1,SİVASSPOR,0,FB ŞÜKRÜ SARACOĞLU - İSTANBUL,YUNUS YILDIRIM,18.12.2010 - 19:00
1151,https://www.tff.org/Default.aspx?pageId=397&macId=87053,MANİSASPOR,1,BÜYÜKŞEHİR BLD.SPOR,0,MANİSA 19 MAYIS - MANİSA,MUSTAFA KAMİL ABİTOĞLU,19.12.2010 - 14:00
1153,https://www.tff.org/Default.aspx?pageId=397&macId=87055,KONYASPOR,0,GALATASARAY A.Ş.,1,BŞ BLD ATATÜRK - KONYA,İLKER MERAL,19.12.2010 - 16:00
1149,https://www.tff.org/Default.aspx?pageId=397&macId=87051,KASIMPAŞA,0,ESKİŞEHİRSPOR,2,RECEP TAYYİP ERDOĞAN - İSTANBUL,ABDULLAH YILMAZ,19.12.2010 - 17:00
1150,https://www.tff.org/Default.aspx?pageId=397&macId=87052,BEŞİKTAŞ A.Ş.,1,GAZİANTEPSPOR,1,MARDAN ANTALYASPOR - ANTALYA,HALİS ÖZKAHYA,19.12.2010 - 19:00
1158,https://www.tff.org/Default.aspx?pageId=397&macId=87060,BEŞİKTAŞ A.Ş.,5,BUCASPOR,1,Fİ-YAPI İNÖNÜ - İSTANBUL,YUNUS YILDIRIM,21.01.2011 - 20:00
1155,https://www.tff.org/Default.aspx?pageId=397&macId=87057,MANİSASPOR,4,KARDEMİR D.Ç. KARABÜKSPOR,2,MANİSA 19 MAYIS - MANİSA,CÜNEYT ÇAKIR,22.01.2011 - 14:00
1157,https://www.tff.org/Default.aspx?pageId=397&macId=87059,TRABZONSPOR A.Ş.,1,MKE ANKARAGÜCÜ,1,HÜSEYİN AVNİ AKER - TRABZON,HALİS ÖZKAHYA,22.01.2011 - 16:00
1160,https://www.tff.org/Default.aspx?pageId=397&macId=87062,GENÇLERBİRLİĞİ,0,ESKİŞEHİRSPOR,1,ANKARA 19 MAYIS - ANKARA,BARIŞ ŞİMŞEK,22.01.2011 - 17:00
1154,https://www.tff.org/Default.aspx?pageId=397&macId=87056,MEDİCAL PARK ANTALYASPOR,0,FENERBAHÇE,1,MARDAN ANTALYASPOR STADI - ANTALYA,TOLGA ÖZKALFA,22.01.2011 - 19:00
1159,https://www.tff.org/Default.aspx?pageId=397&macId=87061,KASIMPAŞA,0,GAZİANTEPSPOR,1,RECEP TAYYİP ERDOĞAN - İSTANBUL,AYTEKİN DURMAZ,23.01.2011 - 14:00
1161,https://www.tff.org/Default.aspx?pageId=397&macId=87063,KONYASPOR,0,BURSASPOR,0,BŞ BLD ATATÜRK - KONYA,HÜSEYİN GÖÇEK,23.01.2011 - 16:00
1162,https://www.tff.org/Default.aspx?pageId=397&macId=87064,GALATASARAY A.Ş.,1,SİVASSPOR,0,ALİ SAMİ YEN SPOR KOMPLEKSİ TÜRK TELEKOM STADYUMU,KUDDUSİ MÜFTÜOĞLU,23.01.2011 - 19:00
1156,https://www.tff.org/Default.aspx?pageId=397&macId=87058,KAYSERİSPOR,3,BÜYÜKŞEHİR BLD.SPOR,2,BÜYÜKŞEHİR BELEDİYESİ KADİR HAS - KAYSERİ,ÖZGÜR YANKAYA,24.01.2011 - 20:00
1167,https://www.tff.org/Default.aspx?pageId=397&macId=87069,KARDEMİR D.Ç. KARABÜKSPOR,0,KAYSERİSPOR,0,DR.NECMETTİN ŞEYHOĞLU - KARABÜK,HÜSEYİN GÖÇEK,29.01.2011 - 13:30
1169,https://www.tff.org/Default.aspx?pageId=397&macId=87071,SİVASSPOR,1,MEDİCAL PARK ANTALYASPOR,1,SİVAS 4 EYLÜL - SİVAS,YUNUS YILDIRIM,29.01.2011 - 14:00
1166,https://www.tff.org/Default.aspx?pageId=397&macId=87068,BUCASPOR,4,KASIMPAŞA,0,YENİ BUCA STADI - İZMİR - BUCA,KUDDUSİ MÜFTÜOĞLU,29.01.2011 - 17:00
1171,https://www.tff.org/Default.aspx?pageId=397&macId=87073,BURSASPOR,2,GALATASARAY A.Ş.,0,BURSA ATATÜRK - BURSA,BÜLENT YILDIRIM,29.01.2011 - 19:00
1163,https://www.tff.org/Default.aspx?pageId=397&macId=87065,MKE ANKARAGÜCÜ,1,MANİSASPOR,3,ANKARA 19 MAYIS - ANKARA,ABDULLAH YILMAZ,30.01.2011 - 14:00
1170,https://www.tff.org/Default.aspx?pageId=397&macId=87072,BÜYÜKŞEHİR BLD.SPOR,2,BEŞİKTAŞ A.Ş.,1,ATATÜRK OLİMPİYAT - İSTANBUL,FIRAT AYDINUS,30.01.2011 - 15:00
1165,https://www.tff.org/Default.aspx?pageId=397&macId=87067,GAZİANTEPSPOR,1,GENÇLERBİRLİĞİ,1,KAMİL OCAK - GAZİANTEP,SÜLEYMAN ABAY,30.01.2011 - 17:00
1168,https://www.tff.org/Default.aspx?pageId=397&macId=87070,FENERBAHÇE,2,TRABZONSPOR A.Ş.,0,FB ŞÜKRÜ SARACOĞLU - İSTANBUL,BÜNYAMİN GEZER,30.01.2011 - 19:00
1164,https://www.tff.org/Default.aspx?pageId=397&macId=87066,ESKİŞEHİRSPOR,1,KONYASPOR,0,ESKİŞEHİR ATATÜRK - ESKİŞEHİR,MUSTAFA KAMİL ABİTOĞLU,31.01.2011 - 20:00
1172,https://www.tff.org/Default.aspx?pageId=397&macId=87074,BURSASPOR,2,SİVASSPOR,1,BURSA ATATÜRK - BURSA,FIRAT AYDINUS,4.02.2011 - 20:00
1177,https://www.tff.org/Default.aspx?pageId=397&macId=87079,KASIMPAŞA,1,BÜYÜKŞEHİR BLD.SPOR,3,RECEP TAYYİP ERDOĞAN - İSTANBUL,SÜLEYMAN ABAY,5.02.2011 - 14:00
1176,https://www.tff.org/Default.aspx?pageId=397&macId=87078,BEŞİKTAŞ A.Ş.,1,KARDEMİR D.Ç. KARABÜKSPOR,1,Fİ-YAPI İNÖNÜ - İSTANBUL,MUSTAFA KAMİL ABİTOĞLU,5.02.2011 - 16:00
1173,https://www.tff.org/Default.aspx?pageId=397&macId=87075,KAYSERİSPOR,2,MKE ANKARAGÜCÜ,1,BÜYÜKŞEHİR BELEDİYESİ KADİR HAS - KAYSERİ,KORAY GENÇERLER,5.02.2011 - 17:00
1175,https://www.tff.org/Default.aspx?pageId=397&macId=87077,MANİSASPOR,1,FENERBAHÇE,3,MANİSA 19 MAYIS - MANİSA,KUDDUSİ MÜFTÜOĞLU,5.02.2011 - 19:00
1180,https://www.tff.org/Default.aspx?pageId=397&macId=87082,KONYASPOR,0,GAZİANTEPSPOR,2,BŞ BLD ATATÜRK - KONYA,İLKER MERAL,6.02.2011 - 14:00
1179,https://www.tff.org/Default.aspx?pageId=397&macId=87081,TRABZONSPOR A.Ş.,0,MEDİCAL PARK ANTALYASPOR,0,HÜSEYİN AVNİ AKER - TRABZON,HÜSEYİN GÖÇEK,6.02.2011 - 16:00
1174,https://www.tff.org/Default.aspx?pageId=397&macId=87076,GENÇLERBİRLİĞİ,1,BUCASPOR,0,ANKARA 19 MAYIS - ANKARA,SERKAN ÇINAR,6.02.2011 - 17:00
1178,https://www.tff.org/Default.aspx?pageId=397&macId=87080,GALATASARAY A.Ş.,4,ESKİŞEHİRSPOR,2,ALİ SAMİ YEN SPOR KOMPLEKSİ TÜRK TELEKOM STADYUMU,CÜNEYT ÇAKIR,6.02.2011 - 19:00
1188,https://www.tff.org/Default.aspx?pageId=397&macId=87090,BUCASPOR,3,KONYASPOR,2,YENİ BUCA STADI - İZMİR - BUCA,CÜNEYT ÇAKIR,12.02.2011 - 14:00
1187,https://www.tff.org/Default.aspx?pageId=397&macId=87089,SİVASSPOR,2,TRABZONSPOR A.Ş.,3,SİVAS 4 EYLÜL - SİVAS,KUDDUSİ MÜFTÜOĞLU,12.02.2011 - 16:00
1184,https://www.tff.org/Default.aspx?pageId=397&macId=87086,BÜYÜKŞEHİR BLD.SPOR,0,GENÇLERBİRLİĞİ,1,ATATÜRK OLİMPİYAT - İSTANBUL,İLKER MERAL,12.02.2011 - 17:00
1189,https://www.tff.org/Default.aspx?pageId=397&macId=87091,GAZİANTEPSPOR,1,GALATASARAY A.Ş.,0,KAMİL OCAK - GAZİANTEP,YUNUS YILDIRIM,12.02.2011 - 19:00
1181,https://www.tff.org/Default.aspx?pageId=397&macId=87083,KARDEMİR D.Ç. KARABÜKSPOR,1,KASIMPAŞA,3,DR.NECMETTİN ŞEYHOĞLU - KARABÜK,DENİZ ÇOBAN,13.02.2011 - 13:30
1183,https://www.tff.org/Default.aspx?pageId=397&macId=87085,ESKİŞEHİRSPOR,1,BURSASPOR,1,ESKİŞEHİR ATATÜRK - ESKİŞEHİR,HALİS ÖZKAHYA,13.02.2011 - 16:00
1186,https://www.tff.org/Default.aspx?pageId=397&macId=87088,MEDİCAL PARK ANTALYASPOR,1,MANİSASPOR,4,MARDAN ANTALYASPOR STADI - ANTALYA,SUAT ARSLANBOĞA,13.02.2011 - 17:00
1185,https://www.tff.org/Default.aspx?pageId=397&macId=87087,MKE ANKARAGÜCÜ,1,BEŞİKTAŞ A.Ş.,0,ANKARA 19 MAYIS - ANKARA,ÖZGÜR YANKAYA,13.02.2011 - 19:00
1182,https://www.tff.org/Default.aspx?pageId=397&macId=87084,FENERBAHÇE,2,KAYSERİSPOR,0,FB ŞÜKRÜ SARACOĞLU - İSTANBUL,FIRAT AYDINUS,14.02.2011 - 20:00
1193,https://www.tff.org/Default.aspx?pageId=397&macId=87095,ESKİŞEHİRSPOR,2,SİVASSPOR,1,ESKİŞEHİR ATATÜRK - ESKİŞEHİR,İLKER MERAL,18.02.2011 - 20:00
1194,https://www.tff.org/Default.aspx?pageId=397&macId=87096,KASIMPAŞA,2,MKE ANKARAGÜCÜ,1,RECEP TAYYİP ERDOĞAN - İSTANBUL,TOLGA ÖZKALFA,19.02.2011 - 14:00
1198,https://www.tff.org/Default.aspx?pageId=397&macId=87100,BURSASPOR,1,GAZİANTEPSPOR,4,BURSA ATATÜRK - BURSA,HÜSEYİN GÖÇEK,19.02.2011 - 16:00
1195,https://www.tff.org/Default.aspx?pageId=397&macId=87097,GENÇLERBİRLİĞİ,2,KARDEMİR D.Ç. KARABÜKSPOR,3,ANKARA 19 MAYIS - ANKARA,YUNUS YILDIRIM,19.02.2011 - 17:00
1197,https://www.tff.org/Default.aspx?pageId=397&macId=87099,GALATASARAY A.Ş.,1,BUCASPOR,0,ALİ SAMİ YEN SPOR KOMPLEKSİ TÜRK TELEKOM STADYUMU,KUDDUSİ MÜFTÜOĞLU,19.02.2011 - 19:00
1192,https://www.tff.org/Default.aspx?pageId=397&macId=87094,KAYSERİSPOR,2,MEDİCAL PARK ANTALYASPOR,0,BÜYÜKŞEHİR BELEDİYESİ KADİR HAS - KAYSERİ,BÜNYAMİN GEZER,20.02.2011 - 14:00
1196,https://www.tff.org/Default.aspx?pageId=397&macId=87098,KONYASPOR,0,BÜYÜKŞEHİR BLD.SPOR,0,BŞ BLD ATATÜRK - KONYA,HALİS ÖZKAHYA,20.02.2011 - 17:00
1190,https://www.tff.org/Default.aspx?pageId=397&macId=87092,BEŞİKTAŞ A.Ş.,2,FENERBAHÇE,4,Fİ-YAPI İNÖNÜ - İSTANBUL,CÜNEYT ÇAKIR,20.02.2011 - 19:00
1191,https://www.tff.org/Default.aspx?pageId=397&macId=87093,MANİSASPOR,1,TRABZONSPOR A.Ş.,2,MANİSA 19 MAYIS - MANİSA,FIRAT AYDINUS,21.02.2011 - 20:00
1206,https://www.tff.org/Default.aspx?pageId=397&macId=87108,BUCASPOR,0,BURSASPOR,2,YENİ BUCA STADI - İZMİR - BUCA,ÖZGÜR YANKAYA,25.02.2011 - 20:00
1202,https://www.tff.org/Default.aspx?pageId=397&macId=87104,MKE ANKARAGÜCÜ,2,GENÇLERBİRLİĞİ,4,ANKARA 19 MAYIS - ANKARA,AYTEKİN DURMAZ,26.02.2011 - 14:00
1201,https://www.tff.org/Default.aspx?pageId=397&macId=87103,BÜYÜKŞEHİR BLD.SPOR,3,GALATASARAY A.Ş.,1,ATATÜRK OLİMPİYAT - İSTANBUL,FIRAT AYDINUS,26.02.2011 - 16:00
1205,https://www.tff.org/Default.aspx?pageId=397&macId=87107,GAZİANTEPSPOR,2,ESKİŞEHİRSPOR,1,KAMİL OCAK - GAZİANTEP,BARIŞ ŞİMŞEK,26.02.2011 - 17:00
1203,https://www.tff.org/Default.aspx?pageId=397&macId=87105,FENERBAHÇE,2,KASIMPAŞA,0,FB ŞÜKRÜ SARACOĞLU - İSTANBUL,HALİS ÖZKAHYA,26.02.2011 - 19:00
1207,https://www.tff.org/Default.aspx?pageId=397&macId=87109,KARDEMİR D.Ç. KARABÜKSPOR,2,KONYASPOR,1,DR.NECMETTİN ŞEYHOĞLU - KARABÜK,HÜSEYİN GÖÇEK,27.02.2011 - 14:00
1200,https://www.tff.org/Default.aspx?pageId=397&macId=87102,SİVASSPOR,4,MANİSASPOR,2,SİVAS 4 EYLÜL - SİVAS,SÜLEYMAN ABAY,27.02.2011 - 17:00
1199,https://www.tff.org/Default.aspx?pageId=397&macId=87101,TRABZONSPOR A.Ş.,3,KAYSERİSPOR,3,HÜSEYİN AVNİ AKER - TRABZON,YUNUS YILDIRIM,27.02.2011 - 19:00
1204,https://www.tff.org/Default.aspx?pageId=397&macId=87106,MEDİCAL PARK ANTALYASPOR,0,BEŞİKTAŞ A.Ş.,2,MARDAN ANTALYASPOR STADI - ANTALYA,BÜLENT YILDIRIM,28.02.2011 - 20:00
1210,https://www.tff.org/Default.aspx?pageId=397&macId=87112,KAYSERİSPOR,1,MANİSASPOR,2,BÜYÜKŞEHİR BELEDİYESİ KADİR HAS - KAYSERİ,HÜSEYİN GÖÇEK,4.03.2011 - 20:00
1211,https://www.tff.org/Default.aspx?pageId=397&macId=87113,KONYASPOR,0,MKE ANKARAGÜCÜ,2,BŞ BLD ATATÜRK - KONYA,YUNUS YILDIRIM,5.03.2011 - 14:00
1216,https://www.tff.org/Default.aspx?pageId=397&macId=87118,GAZİANTEPSPOR,3,SİVASSPOR,1,KAMİL OCAK - GAZİANTEP,FIRAT AYDINUS,5.03.2011 - 16:00
1212,https://www.tff.org/Default.aspx?pageId=397&macId=87114,GALATASARAY A.Ş.,0,KARDEMİR D.Ç. KARABÜKSPOR,0,ALİ SAMİ YEN SPOR KOMPLEKSİ TÜRK TELEKOM STADYUMU,İLKER MERAL,5.03.2011 - 19:00
1215,https://www.tff.org/Default.aspx?pageId=397&macId=87117,KASIMPAŞA,2,MEDİCAL PARK ANTALYASPOR,3,RECEP TAYYİP ERDOĞAN - İSTANBUL,BARIŞ ŞİMŞEK,6.03.2011 - 14:00
1209,https://www.tff.org/Default.aspx?pageId=397&macId=87111,BURSASPOR,1,BÜYÜKŞEHİR BLD.SPOR,1,BURSA ATATÜRK - BURSA,KUDDUSİ MÜFTÜOĞLU,6.03.2011 - 16:00
1213,https://www.tff.org/Default.aspx?pageId=397&macId=87115,ESKİŞEHİRSPOR,1,BUCASPOR,0,ESKİŞEHİR ATATÜRK - ESKİŞEHİR,ABDULLAH YILMAZ,6.03.2011 - 17:00
1214,https://www.tff.org/Default.aspx?pageId=397&macId=87116,BEŞİKTAŞ A.Ş.,1,TRABZONSPOR A.Ş.,2,Fİ-YAPI İNÖNÜ - İSTANBUL,TOLGA ÖZKALFA,6.03.2011 - 19:00
1208,https://www.tff.org/Default.aspx?pageId=397&macId=87110,GENÇLERBİRLİĞİ,2,FENERBAHÇE,4,ANKARA 19 MAYIS - ANKARA,ÖZGÜR YANKAYA,7.03.2011 - 20:00
1221,https://www.tff.org/Default.aspx?pageId=397&macId=87123,MANİSASPOR,0,BEŞİKTAŞ A.Ş.,0,MANİSA 19 MAYIS - MANİSA,BARIŞ ŞİMŞEK,11.03.2011 - 20:00
1219,https://www.tff.org/Default.aspx?pageId=397&macId=87121,KARDEMİR D.Ç. KARABÜKSPOR,1,BURSASPOR,1,DR.NECMETTİN ŞEYHOĞLU - KARABÜK,CÜNEYT ÇAKIR,12.03.2011 - 14:00
1224,https://www.tff.org/Default.aspx?pageId=397&macId=87126,BÜYÜKŞEHİR BLD.SPOR,0,ESKİŞEHİRSPOR,2,ATATÜRK OLİMPİYAT - İSTANBUL,SUAT ARSLANBOĞA,12.03.2011 - 16:00
1218,https://www.tff.org/Default.aspx?pageId=397&macId=87120,TRABZONSPOR A.Ş.,1,KASIMPAŞA,0, İSMETPAŞA - KOCAELİ,KUDDUSİ MÜFTÜOĞLU,12.03.2011 - 19:00
1220,https://www.tff.org/Default.aspx?pageId=397&macId=87122,MEDİCAL PARK ANTALYASPOR,0,GENÇLERBİRLİĞİ,0,MARDAN ANTALYASPOR STADI - ANTALYA,HÜSEYİN GÖÇEK,13.03.2011 - 13:30
1217,https://www.tff.org/Default.aspx?pageId=397&macId=87119,MKE ANKARAGÜCÜ,3,GALATASARAY A.Ş.,2,ANKARA 19 MAYIS - ANKARA,HALİS ÖZKAHYA,13.03.2011 - 15:00
1223,https://www.tff.org/Default.aspx?pageId=397&macId=87125,BUCASPOR,2,GAZİANTEPSPOR,1,YENİ BUCA STADI - İZMİR - BUCA,YUNUS YILDIRIM,13.03.2011 - 15:30
1222,https://www.tff.org/Default.aspx?pageId=397&macId=87124,SİVASSPOR,1,KAYSERİSPOR,0,SİVAS 4 EYLÜL - SİVAS,ABDULLAH YILMAZ,13.03.2011 - 17:30
1225,https://www.tff.org/Default.aspx?pageId=397&macId=87127,FENERBAHÇE,2,KONYASPOR,0,FB ŞÜKRÜ SARACOĞLU - İSTANBUL,BÜLENT YILDIRIM,13.03.2011 - 19:00
1229,https://www.tff.org/Default.aspx?pageId=397&macId=87131,GALATASARAY A.Ş.,1,FENERBAHÇE,2,ALİ SAMİ YEN SPOR KOMPLEKSİ TÜRK TELEKOM STADYUMU,FIRAT AYDINUS,18.03.2011 - 21:00
1232,https://www.tff.org/Default.aspx?pageId=397&macId=87134,KASIMPAŞA,1,MANİSASPOR,0,RECEP TAYYİP ERDOĞAN - İSTANBUL,MUSTAFA KAMİL ABİTOĞLU,19.03.2011 - 14:00
1231,https://www.tff.org/Default.aspx?pageId=397&macId=87133,GAZİANTEPSPOR,4,BÜYÜKŞEHİR BLD.SPOR,1,KAMİL OCAK - GAZİANTEP,BÜNYAMİN GEZER,19.03.2011 - 15:00
1228,https://www.tff.org/Default.aspx?pageId=397&macId=87130,KONYASPOR,0,MEDİCAL PARK ANTALYASPOR,0,BŞ BLD ATATÜRK - KONYA,ABDULLAH YILMAZ,19.03.2011 - 16:00
1227,https://www.tff.org/Default.aspx?pageId=397&macId=87129,BEŞİKTAŞ A.Ş.,4,KAYSERİSPOR,2,Fİ-YAPI İNÖNÜ - İSTANBUL,HALİS ÖZKAHYA,19.03.2011 - 19:00
1226,https://www.tff.org/Default.aspx?pageId=397&macId=87128,ESKİŞEHİRSPOR,1,KARDEMİR D.Ç. KARABÜKSPOR,0,ESKİŞEHİR ATATÜRK - ESKİŞEHİR,SERKAN ÇINAR,20.03.2011 - 14:00
1233,https://www.tff.org/Default.aspx?pageId=397&macId=87135,GENÇLERBİRLİĞİ,1,TRABZONSPOR A.Ş.,2,ANKARA 19 MAYIS - ANKARA,BÜLENT YILDIRIM,20.03.2011 - 19:00
1234,https://www.tff.org/Default.aspx?pageId=397&macId=87136,BUCASPOR,0,SİVASSPOR,4,YENİ BUCA STADI - İZMİR - BUCA,KUDDUSİ MÜFTÜOĞLU,20.03.2011 - 19:00
1230,https://www.tff.org/Default.aspx?pageId=397&macId=87132,BURSASPOR,0,MKE ANKARAGÜCÜ,0,BURSA ATATÜRK - BURSA,SÜLEYMAN ABAY,21.03.2011 - 20:00
1242,https://www.tff.org/Default.aspx?pageId=397&macId=87144,KARDEMİR D.Ç. KARABÜKSPOR,3,GAZİANTEPSPOR,2,DR.NECMETTİN ŞEYHOĞLU - KARABÜK,FIRAT AYDINUS,2.04.2011 - 14:00
1240,https://www.tff.org/Default.aspx?pageId=397&macId=87142,SİVASSPOR,1,BEŞİKTAŞ A.Ş.,0,SİVAS 4 EYLÜL - SİVAS,BÜNYAMİN GEZER,2.04.2011 - 16:00
1235,https://www.tff.org/Default.aspx?pageId=397&macId=87137,MKE ANKARAGÜCÜ,2,ESKİŞEHİRSPOR,2,ANKARA 19 MAYIS - ANKARA,TOLGA ÖZKALFA,2.04.2011 - 17:00
1236,https://www.tff.org/Default.aspx?pageId=397&macId=87138,TRABZONSPOR A.Ş.,1,KONYASPOR,0,HÜSEYİN AVNİ AKER - TRABZON,CÜNEYT ÇAKIR,2.04.2011 - 19:00
1238,https://www.tff.org/Default.aspx?pageId=397&macId=87140,MANİSASPOR,0,GENÇLERBİRLİĞİ,3,MANİSA 19 MAYIS - MANİSA,SERKAN ÇINAR,3.04.2011 - 14:00
1239,https://www.tff.org/Default.aspx?pageId=397&macId=87141,KAYSERİSPOR,1,KASIMPAŞA,3,BÜYÜKŞEHİR BELEDİYESİ KADİR HAS - KAYSERİ,İLKER MERAL,3.04.2011 - 16:00
1241,https://www.tff.org/Default.aspx?pageId=397&macId=87143,BÜYÜKŞEHİR BLD.SPOR,2,BUCASPOR,1,ATATÜRK OLİMPİYAT - İSTANBUL,BARIŞ ŞİMŞEK,3.04.2011 - 17:00
1243,https://www.tff.org/Default.aspx?pageId=397&macId=87145,FENERBAHÇE,0,BURSASPOR,0,FB ŞÜKRÜ SARACOĞLU - İSTANBUL,KUDDUSİ MÜFTÜOĞLU,3.04.2011 - 19:00
1237,https://www.tff.org/Default.aspx?pageId=397&macId=87139,MEDİCAL PARK ANTALYASPOR,3,GALATASARAY A.Ş.,0,MARDAN ANTALYASPOR STADI - ANTALYA,ÖZGÜR YANKAYA,4.04.2011 - 20:00
1252,https://www.tff.org/Default.aspx?pageId=397&macId=87154,BURSASPOR,2,MEDİCAL PARK ANTALYASPOR,3,BURSA ATATÜRK - BURSA,YUNUS YILDIRIM,8.04.2011 - 20:00
1249,https://www.tff.org/Default.aspx?pageId=397&macId=87151,BUCASPOR,2,KARDEMİR D.Ç. KARABÜKSPOR,1,YENİ BUCA STADI - İZMİR - BUCA,AYTEKİN DURMAZ,9.04.2011 - 14:00
1245,https://www.tff.org/Default.aspx?pageId=397&macId=87147,KONYASPOR,0,MANİSASPOR,0,BŞ BLD ATATÜRK - KONYA,FIRAT AYDINUS,9.04.2011 - 16:00
1247,https://www.tff.org/Default.aspx?pageId=397&macId=87149,ESKİŞEHİRSPOR,1,FENERBAHÇE,3,ESKİŞEHİR ATATÜRK - ESKİŞEHİR,CÜNEYT ÇAKIR,9.04.2011 - 19:00
1246,https://www.tff.org/Default.aspx?pageId=397&macId=87148,BÜYÜKŞEHİR BLD.SPOR,1,SİVASSPOR,2,ATATÜRK OLİMPİYAT - İSTANBUL,MUSTAFA KAMİL ABİTOĞLU,10.04.2011 - 14:00
1248,https://www.tff.org/Default.aspx?pageId=397&macId=87150,GAZİANTEPSPOR,3,MKE ANKARAGÜCÜ,2,KAMİL OCAK - GAZİANTEP,SUAT ARSLANBOĞA,10.04.2011 - 14:00
1244,https://www.tff.org/Default.aspx?pageId=397&macId=87146,GENÇLERBİRLİĞİ,4,KAYSERİSPOR,1,ANKARA 19 MAYIS - ANKARA,TOLGA ÖZKALFA,10.04.2011 - 17:00
1251,https://www.tff.org/Default.aspx?pageId=397&macId=87153,GALATASARAY A.Ş.,0,TRABZONSPOR A.Ş.,1,ALİ SAMİ YEN SPOR KOMPLEKSİ TÜRK TELEKOM STADYUMU,BÜNYAMİN GEZER,10.04.2011 - 19:00
1250,https://www.tff.org/Default.aspx?pageId=397&macId=87152,KASIMPAŞA,0,BEŞİKTAŞ A.Ş.,1,RECEP TAYYİP ERDOĞAN - İSTANBUL,HÜSEYİN GÖÇEK,11.04.2011 - 20:00
1257,https://www.tff.org/Default.aspx?pageId=397&macId=87159,BEŞİKTAŞ A.Ş.,2,GENÇLERBİRLİĞİ,2,Fİ-YAPI İNÖNÜ - İSTANBUL,İLKER MERAL,15.04.2011 - 20:00
1253,https://www.tff.org/Default.aspx?pageId=397&macId=87155,MKE ANKARAGÜCÜ,5,BUCASPOR,3,ANKARA 19 MAYIS - ANKARA,CÜNEYT ÇAKIR,16.04.2011 - 14:00
1259,https://www.tff.org/Default.aspx?pageId=397&macId=87161,KARDEMİR D.Ç. KARABÜKSPOR,0,BÜYÜKŞEHİR BLD.SPOR,2,DR.NECMETTİN ŞEYHOĞLU - KARABÜK,HÜSEYİN SABANCI,16.04.2011 - 16:00
1260,https://www.tff.org/Default.aspx?pageId=397&macId=87162,FENERBAHÇE,1,GAZİANTEPSPOR,0,FB ŞÜKRÜ SARACOĞLU - İSTANBUL,HÜSEYİN GÖÇEK,16.04.2011 - 19:00
1258,https://www.tff.org/Default.aspx?pageId=397&macId=87160,SİVASSPOR,1,KASIMPAŞA,1,SİVAS 4 EYLÜL - SİVAS,ÖZGÜR YANKAYA,17.04.2011 - 14:00
1255,https://www.tff.org/Default.aspx?pageId=397&macId=87157,KAYSERİSPOR,1,KONYASPOR,3,BÜYÜKŞEHİR BELEDİYESİ KADİR HAS - KAYSERİ,SÜLEYMAN ABAY,17.04.2011 - 15:00
1254,https://www.tff.org/Default.aspx?pageId=397&macId=87156,MEDİCAL PARK ANTALYASPOR,2,ESKİŞEHİRSPOR,2,MARDAN ANTALYASPOR STADI - ANTALYA,DENİZ ÇOBAN,17.04.2011 - 17:00
1261,https://www.tff.org/Default.aspx?pageId=397&macId=87163,TRABZONSPOR A.Ş.,1,BURSASPOR,0,HÜSEYİN AVNİ AKER - TRABZON,FIRAT AYDINUS,17.04.2011 - 19:00
1256,https://www.tff.org/Default.aspx?pageId=397&macId=87158,MANİSASPOR,2,GALATASARAY A.Ş.,3,MANİSA 19 MAYIS - MANİSA,BARIŞ ŞİMŞEK,18.04.2011 - 20:00
1264,https://www.tff.org/Default.aspx?pageId=397&macId=87166,ESKİŞEHİRSPOR,0,TRABZONSPOR A.Ş.,0,ESKİŞEHİR ATATÜRK - ESKİŞEHİR,BÜLENT YILDIRIM,22.04.2011 - 20:00
1270,https://www.tff.org/Default.aspx?pageId=397&macId=87172,KARDEMİR D.Ç. KARABÜKSPOR,2,SİVASSPOR,1,DR.NECMETTİN ŞEYHOĞLU - KARABÜK,KORAY GENÇERLER,23.04.2011 - 15:00
1263,https://www.tff.org/Default.aspx?pageId=397&macId=87165,BURSASPOR,2,MANİSASPOR,1,BURSA ATATÜRK - BURSA,ABDULLAH YILMAZ,23.04.2011 - 17:00
1268,https://www.tff.org/Default.aspx?pageId=397&macId=87170,GALATASARAY A.Ş.,1,KAYSERİSPOR,1,ALİ SAMİ YEN SPOR KOMPLEKSİ TÜRK TELEKOM STADYUMU,CÜNEYT ÇAKIR,23.04.2011 - 20:00
1266,https://www.tff.org/Default.aspx?pageId=397&macId=87168,GENÇLERBİRLİĞİ,1,KASIMPAŞA,1,ANKARA 19 MAYIS - ANKARA,SUAT ARSLANBOĞA,24.04.2011 - 14:00
1269,https://www.tff.org/Default.aspx?pageId=397&macId=87171,GAZİANTEPSPOR,2,MEDİCAL PARK ANTALYASPOR,1,KAMİL OCAK - GAZİANTEP,SERKAN ÇINAR,24.04.2011 - 16:00
1265,https://www.tff.org/Default.aspx?pageId=397&macId=87167,BÜYÜKŞEHİR BLD.SPOR,1,MKE ANKARAGÜCÜ,4,ATATÜRK OLİMPİYAT - İSTANBUL,AYTEKİN DURMAZ,24.04.2011 - 17:00
1262,https://www.tff.org/Default.aspx?pageId=397&macId=87164,BUCASPOR,3,FENERBAHÇE,5,İZMİR ATATÜRK - İZMİR,BÜNYAMİN GEZER,24.04.2011 - 19:00
1267,https://www.tff.org/Default.aspx?pageId=397&macId=87169,KONYASPOR,1,BEŞİKTAŞ A.Ş.,1,BŞ BLD ATATÜRK - KONYA,ÖZGÜR YANKAYA,25.04.2011 - 20:00
1275,https://www.tff.org/Default.aspx?pageId=397&macId=87177,SİVASSPOR,1,GENÇLERBİRLİĞİ,1,SİVAS 4 EYLÜL - SİVAS,SÜLEYMAN ABAY,29.04.2011 - 20:00
1273,https://www.tff.org/Default.aspx?pageId=397&macId=87175,KASIMPAŞA,2,KONYASPOR,2,RECEP TAYYİP ERDOĞAN - İSTANBUL,KORAY GENÇERLER,30.04.2011 - 15:00
1276,https://www.tff.org/Default.aspx?pageId=397&macId=87178,MEDİCAL PARK ANTALYASPOR,3,BUCASPOR,3,MARDAN ANTALYASPOR STADI - ANTALYA,HALİS ÖZKAHYA,30.04.2011 - 15:00
1274,https://www.tff.org/Default.aspx?pageId=397&macId=87176,BEŞİKTAŞ A.Ş.,2,GALATASARAY A.Ş.,0,Fİ-YAPI İNÖNÜ - İSTANBUL,YUNUS YILDIRIM,30.04.2011 - 19:00
1278,https://www.tff.org/Default.aspx?pageId=397&macId=87180,MANİSASPOR,3,ESKİŞEHİRSPOR,1,MANİSA 19 MAYIS - MANİSA,HÜSEYİN SABANCI,1.05.2011 - 15:00
1272,https://www.tff.org/Default.aspx?pageId=397&macId=87174,FENERBAHÇE,2,BÜYÜKŞEHİR BLD.SPOR,0,FB ŞÜKRÜ SARACOĞLU - İSTANBUL,FIRAT AYDINUS,1.05.2011 - 19:00
1277,https://www.tff.org/Default.aspx?pageId=397&macId=87179,TRABZONSPOR A.Ş.,3,GAZİANTEPSPOR,0,HÜSEYİN AVNİ AKER - TRABZON,CÜNEYT ÇAKIR,1.05.2011 - 19:00
1279,https://www.tff.org/Default.aspx?pageId=397&macId=87181,KAYSERİSPOR,1,BURSASPOR,0,BÜYÜKŞEHİR BELEDİYESİ KADİR HAS - KAYSERİ,BARIŞ ŞİMŞEK,1.05.2011 - 19:00
1271,https://www.tff.org/Default.aspx?pageId=397&macId=87173,MKE ANKARAGÜCÜ,0,KARDEMİR D.Ç. KARABÜKSPOR,0,ANKARA 19 MAYIS - ANKARA,SERKAN ÇINAR,2.05.2011 - 20:00
1285,https://www.tff.org/Default.aspx?pageId=397&macId=87187,ESKİŞEHİRSPOR,1,KAYSERİSPOR,2,ESKİŞEHİR ATATÜRK - ESKİŞEHİR,MUSTAFA İLKER COŞKUN,6.05.2011 - 20:00
1287,https://www.tff.org/Default.aspx?pageId=397&macId=87189,BÜYÜKŞEHİR BLD.SPOR,1,MEDİCAL PARK ANTALYASPOR,1,ATATÜRK OLİMPİYAT - İSTANBUL,HAKAN CEYLAN,7.05.2011 - 15:00
1281,https://www.tff.org/Default.aspx?pageId=397&macId=87183,BURSASPOR,0,BEŞİKTAŞ A.Ş.,3,BURSA ATATÜRK - BURSA,SÜLEYMAN ABAY,7.05.2011 - 20:00
1286,https://www.tff.org/Default.aspx?pageId=397&macId=87188,GAZİANTEPSPOR,1,MANİSASPOR,0,KAMİL OCAK - GAZİANTEP,BÜNYAMİN GEZER,7.05.2011 - 20:00
1288,https://www.tff.org/Default.aspx?pageId=397&macId=87190,GENÇLERBİRLİĞİ,2,KONYASPOR,1,ANKARA 19 MAYIS - ANKARA,METE KALKAVAN,8.05.2011 - 16:00
1280,https://www.tff.org/Default.aspx?pageId=397&macId=87182,KARDEMİR D.Ç. KARABÜKSPOR,0,FENERBAHÇE,1,DR.NECMETTİN ŞEYHOĞLU - KARABÜK,BÜLENT YILDIRIM,8.05.2011 - 20:00
1282,https://www.tff.org/Default.aspx?pageId=397&macId=87184,BUCASPOR,1,TRABZONSPOR A.Ş.,2,İZMİR ATATÜRK - İZMİR,YUNUS YILDIRIM,8.05.2011 - 20:00
1283,https://www.tff.org/Default.aspx?pageId=397&macId=87185,SİVASSPOR,1,MKE ANKARAGÜCÜ,1,SİVAS 4 EYLÜL - SİVAS,MUSTAFA KAMİL ABİTOĞLU,8.05.2011 - 20:00
1284,https://www.tff.org/Default.aspx?pageId=397&macId=87186,GALATASARAY A.Ş.,3,KASIMPAŞA,1,ALİ SAMİ YEN SPOR KOMPLEKSİ TÜRK TELEKOM STADYUMU,HÜSEYİN SABANCI,9.05.2011 - 20:00
1294,https://www.tff.org/Default.aspx?pageId=397&macId=87196,MEDİCAL PARK ANTALYASPOR,1,KARDEMİR D.Ç. KARABÜKSPOR,2,MARDAN ANTALYASPOR STADI - ANTALYA,HÜSEYİN SABANCI,13.05.2011 - 20:00
1291,https://www.tff.org/Default.aspx?pageId=397&macId=87193,KONYASPOR,1,SİVASSPOR,1,BŞ BLD ATATÜRK - KONYA,ÇAĞATAY ŞAHAN,14.05.2011 - 16:00
1295,https://www.tff.org/Default.aspx?pageId=397&macId=87197,MANİSASPOR,4,BUCASPOR,2,MANİSA 19 MAYIS - MANİSA,MUSTAFA ÖĞRETMENOĞLU,14.05.2011 - 16:00
1292,https://www.tff.org/Default.aspx?pageId=397&macId=87194,GENÇLERBİRLİĞİ,2,GALATASARAY A.Ş.,3,ANKARA 19 MAYIS - ANKARA,TOLGA ÖZKALFA,14.05.2011 - 20:00
1296,https://www.tff.org/Default.aspx?pageId=397&macId=87198,KAYSERİSPOR,1,GAZİANTEPSPOR,2,BÜYÜKŞEHİR BELEDİYESİ KADİR HAS - KAYSERİ,FIRAT AYDINUS,15.05.2011 - 16:00
1297,https://www.tff.org/Default.aspx?pageId=397&macId=87199,KASIMPAŞA,0,BURSASPOR,3,RECEP TAYYİP ERDOĞAN - İSTANBUL,MUSTAFA KAMİL ABİTOĞLU,15.05.2011 - 16:00
1289,https://www.tff.org/Default.aspx?pageId=397&macId=87191,TRABZONSPOR A.Ş.,3,BÜYÜKŞEHİR BLD.SPOR,1,HÜSEYİN AVNİ AKER - TRABZON,KUDDUSİ MÜFTÜOĞLU,15.05.2011 - 20:00
1293,https://www.tff.org/Default.aspx?pageId=397&macId=87195,FENERBAHÇE,6,MKE ANKARAGÜCÜ,0,FB ŞÜKRÜ SARACOĞLU - İSTANBUL,CÜNEYT ÇAKIR,15.05.2011 - 20:00
1290,https://www.tff.org/Default.aspx?pageId=397&macId=87192,BEŞİKTAŞ A.Ş.,3,ESKİŞEHİRSPOR,1,Fİ-YAPI İNÖNÜ - İSTANBUL,ÖZGÜR YANKAYA,16.05.2011 - 20:00
1304,https://www.tff.org/Default.aspx?pageId=397&macId=87206,BÜYÜKŞEHİR BLD.SPOR,0,MANİSASPOR,0,ATATÜRK OLİMPİYAT - İSTANBUL,HÜSEYİN GÖÇEK,20.05.2011 - 20:00
1306,https://www.tff.org/Default.aspx?pageId=397&macId=87208,GALATASARAY A.Ş.,2,KONYASPOR,0,ALİ SAMİ YEN SPOR KOMPLEKSİ TÜRK TELEKOM STADYUMU,ÖZGÜR YANKAYA,20.05.2011 - 20:00
1299,https://www.tff.org/Default.aspx?pageId=397&macId=87201,BUCASPOR,3,KAYSERİSPOR,3,YENİ BUCA STADI - İZMİR - BUCA,İLKER MERAL,21.05.2011 - 16:00
1300,https://www.tff.org/Default.aspx?pageId=397&macId=87202,MKE ANKARAGÜCÜ,2,MEDİCAL PARK ANTALYASPOR,3,ANKARA 19 MAYIS - ANKARA,ABDULLAH YILMAZ,21.05.2011 - 16:00
1301,https://www.tff.org/Default.aspx?pageId=397&macId=87203,BURSASPOR,1,GENÇLERBİRLİĞİ,0,ESKİŞEHİR ATATÜRK - ESKİŞEHİR,SÜLEYMAN ABAY,21.05.2011 - 20:00
1303,https://www.tff.org/Default.aspx?pageId=397&macId=87205,GAZİANTEPSPOR,0,BEŞİKTAŞ A.Ş.,0,KAMİL OCAK - GAZİANTEP,BARIŞ ŞİMŞEK,21.05.2011 - 20:00
1302,https://www.tff.org/Default.aspx?pageId=397&macId=87204,ESKİŞEHİRSPOR,4,KASIMPAŞA,0,ESKİŞEHİR ATATÜRK - ESKİŞEHİR,TOLGA ÖZKALFA,22.05.2011 - 15:00
1298,https://www.tff.org/Default.aspx?pageId=397&macId=87200,SİVASSPOR,3,FENERBAHÇE,4,SİVAS 4 EYLÜL - SİVAS,FIRAT AYDINUS,22.05.2011 - 20:00
1305,https://www.tff.org/Default.aspx?pageId=397&macId=87207,KARDEMİR D.Ç. KARABÜKSPOR,0,TRABZONSPOR A.Ş.,4,DR.NECMETTİN ŞEYHOĞLU - KARABÜK,YUNUS YILDIRIM,22.05.2011 - 20:00
